<?xml version="1.0" encoding="UTF-8"?>
<Configuration status="info" name="ingest-service" packages="com.ibm.tpd.primarydb.ingestmsg.controller">
    <Appenders>
        <!-- <Kafka name="kafkaAppender" topic="ingest-service-logs">
            <JSONLayout />
            <PatternLayout pattern="%d{yyyy-MM-dd HH:mm:ss} [%thread] %-4level %logger{36} - %msg%n"/>
            <Property name="bootstrap.servers">172.27.109.145:9092</Property>
        </Kafka> 
		
		<Async name="asyncAppender">
            <AppenderRef ref="kafkaAppender"/>
        </Async> -->
		
        <Console name="stdout" target="SYSTEM_OUT">
            <PatternLayout pattern="%d{HH:mm:ss.SSS} %-5p [%-7t] %F:%L - %m%n"/>
        </Console>
        <Console name="stderr" target="SYSTEM_ERR">
            <PatternLayout pattern="%d{HH:mm:ss.SSS} %-5p [%-7t] %F:%L - %m%n" />
            <Filters>
                <ThresholdFilter level="WARN" onMatch="ACCEPT" />
            </Filters>
        </Console>

    </Appenders>
    <Loggers>
        <Root level="INFO">
            <!-- <AppenderRef ref="kafkaAppender"/> -->

            <!--stdout/stderr included for testing Oozie log4j edits-->
            <AppenderRef ref="stdout"/>
            <AppenderRef ref="stderr"/>
        </Root>
        <!-- <Logger name="org.apache.kafka" level="INFO" /> -->
        <Logger name="com.ibm.tpd" level="INFO" >
        	<AppenderRef ref="stdout"/>
        </Logger>
    </Loggers>
</Configuration>